,Key Comparison,Time
Original,220102656.0,38.122574013333846
Hybrid,226420291.0,33.312011533333376
