,Key Comparison,Time
Original,220102656.0,71.920898
Hybrid,226420291.0,63.499442580000014
